Id,OrderId,ItemId
249eb8ee-5539-4a4b-85b7-079a44d80d76,2e13599a-fd62-4397-8bcf-f77db43c8c61,c8a09a99-f191-4738-9f77-40b5dffd581c
93f27838-d37b-4aef-8b29-1229d17fae6c,c4eafb91-15e3-4866-b80e-f02738ff2b65,df37aa77-4d8a-466a-93eb-3048a1fcc004
e1b1f2df-8517-47a2-a00d-604d14d09df1,b6a32eed-ff0c-4240-b93b-88b8fc837b74,5695f8b7-1c77-40ab-8115-85959f79c8e0
18fb92b8-8fb8-47e8-9356-38a3bf5cd0a8,85d49a46-ed2e-4688-8e75-46ee418ebd51,a63fe3d1-48c2-4c53-a85a-ab473825358d
7c31d16d-d42a-4b19-a2c2-6a0a0045d605,a789f474-b35d-4e30-a621-640a4f2ab7de,bbdeeab1-879b-4c46-b06f-97066a1a3c4c
481306e6-d10f-454e-947f-d5ad1009df69,85d49a46-ed2e-4688-8e75-46ee418ebd51,477401ad-4740-49d0-85f6-2c20e53069b0
c9e4d12d-08f4-4e33-8cd9-b08f8add8b87,1c186981-904c-44fc-aa94-61706584a133,cf207823-3c70-45fc-bf53-9682c4d63d02
922245be-4481-448d-9ca0-cc75a4872cbf,462eb0b2-610f-471e-89e8-772efac4eb7d,1ae812b6-b33d-48ed-99dc-773a5c85f750
b3f41f22-c914-472a-8cb6-e6e464890098,a1cf8489-b447-45b3-a08d-68f16f9412ef,bff1099c-e5a3-48b1-8f2d-f57129c71d98
4d12055e-578d-4b2c-98ac-1f28c56c7371,360eff54-7d58-4d90-ba6b-c3b821fed7da,8e5899eb-0c1e-466a-8245-5b731d552446
49045f90-360b-4d03-9a9a-71cbb826fa14,7aa0d537-79a9-4472-96c5-57f7986648cb,a63fe3d1-48c2-4c53-a85a-ab473825358d
42f27df2-7048-4771-9f11-f3d5d916774f,27d285e0-9c5f-48d2-baef-d502fc7e5720,226c27c8-11aa-4433-894e-7bc11db5c86d
90bf98b9-6efe-4047-af57-8245eb81a303,b2797a41-3c15-41dd-ba1b-b4de16f763ee,1ae812b6-b33d-48ed-99dc-773a5c85f750
7de5fb23-b931-431f-abfc-4aa02f9a60e2,614f7c71-1a99-413c-ac4f-83dd3cc62e6f,bbdeeab1-879b-4c46-b06f-97066a1a3c4c
2e667b65-297f-4f8a-bd9e-cbaf67029c13,f8e6944f-60d6-49ad-ade2-baf58ac8eca4,c746aa48-e509-4437-aaa5-fecf602baf79
d0c6c0f1-cef6-4888-8d1f-61dbb8624c7b,d95c4a36-d9c7-4487-9525-fd8764c6717b,8e5899eb-0c1e-466a-8245-5b731d552446
21b10fda-2c4f-474d-8fb7-85bfe2c65b21,e981e2ee-1a43-41c5-8663-12dc6060f1d9,4cdef7d7-e1c0-4d64-912c-b0fb77cb636d
ddd54d0b-5ed1-4afd-8bad-a59a972198cc,13f81b5c-a0a7-42b8-9aca-35e6ba15eb38,bbdeeab1-879b-4c46-b06f-97066a1a3c4c
9edfe633-1dd0-480c-9f4f-138418c75fc3,adf67fce-8cf6-4e99-a8dd-2da1bc9ff171,a3099059-4d87-4a14-9fd0-73c9ee98af52
82621f4f-66e3-46c4-a036-1a94900081e2,3cac3020-c9cd-4a48-bde5-dc5ad616fdf5,ec1e9a12-a589-4791-ba97-38527221b78e
edadd0b6-992d-42de-8e7e-810d857ab486,adf67fce-8cf6-4e99-a8dd-2da1bc9ff171,1ae812b6-b33d-48ed-99dc-773a5c85f750
02e859f1-51df-4bf6-8e30-8dee7d082df9,aa98b085-90fa-4fba-9115-36eb265069ce,860567e7-bb47-40b1-9c5f-90bd8981bf43
98881ffd-e25d-46c1-ba16-84763b37070f,a789f474-b35d-4e30-a621-640a4f2ab7de,477401ad-4740-49d0-85f6-2c20e53069b0
05a42c12-f07d-4c2a-aca2-f0dceaf39160,2e13599a-fd62-4397-8bcf-f77db43c8c61,69492d1f-47cd-45a7-8cd2-24b7c04eb447
7af8d749-419c-46d8-9b5b-ceaac2c2a308,78346311-449c-41f0-ac1f-b3faf34ac536,b8b5c7fc-931b-4ed9-a749-b02aa799f221
71b6136c-4adf-4e53-b28a-f3e3ebf953c9,76429a7b-52cf-439f-ad47-10d92c7c0353,6805abe3-3121-414a-8c1f-7a604edd0cff
c598f8e6-4779-4e23-aef3-43fa3ffd957f,13f81b5c-a0a7-42b8-9aca-35e6ba15eb38,11d1017a-7d22-42ba-846a-b0a1a7e3a6d5
3700edba-e738-436d-9816-abf4ae4893d6,79a1f31c-cb9a-4b16-aa8d-da432952d0d0,b349f1a1-735e-4d54-8659-496628cc01a5
3a199c3f-d71a-4a86-9552-d09e365521f0,cd7f76d8-05a2-4281-bd5a-17b328566a92,b8b5c7fc-931b-4ed9-a749-b02aa799f221
c46cc067-c011-45ee-8a80-36419baec3f3,67d63f1a-6dba-46c6-8edb-4c40cf9a8c1b,7b93d513-4525-4ff9-bd01-8a6ce4e55ba8
27758745-f806-4b1e-b0f5-d9be6cfd645c,14536e1b-4738-42a6-b151-ff7ff031ada9,ec5c2cab-1f19-44d9-9241-cc1afade0ca7
bce94849-34b2-4a5b-8b45-f46b34b29496,d35d877a-be3b-4ae9-8f5b-e45118314985,c8a09a99-f191-4738-9f77-40b5dffd581c
c2122e07-b96b-450d-88db-3f03c99c5432,85d49a46-ed2e-4688-8e75-46ee418ebd51,860567e7-bb47-40b1-9c5f-90bd8981bf43
b85246bf-d1c7-4a52-a2aa-02cce9b7f4ae,3cac3020-c9cd-4a48-bde5-dc5ad616fdf5,188981b7-b3eb-4215-abfd-c5ac0839714c
ad2e6888-07d6-4b90-8fc7-96e62438b72f,000cbc7a-0e92-4167-abb9-549bcea0990a,bff1099c-e5a3-48b1-8f2d-f57129c71d98
84b385a9-48e4-4188-8693-0a2cfadb7b1d,f8e6944f-60d6-49ad-ade2-baf58ac8eca4,904fa5cd-a728-4e1d-ae7f-0bf9a9ae5de1
fb677a12-8b44-4233-98d4-cad68142fdac,16eb3130-576e-48e3-9172-e01ae04f7dd8,b73dd523-a581-49c3-a772-ec356c06a84b
b8b51402-ad01-45a5-b498-736ef230bb1c,739c1827-5a5a-4300-a7f6-c72536b54f1f,c8a09a99-f191-4738-9f77-40b5dffd581c
329333a9-f0d2-4f7d-be71-94a257728f89,a1cf8489-b447-45b3-a08d-68f16f9412ef,cf207823-3c70-45fc-bf53-9682c4d63d02
1e26ebef-2c6b-40c2-ab09-65350bb8a2e4,d129999e-87c5-4379-8123-7092941f4e88,df37aa77-4d8a-466a-93eb-3048a1fcc004
a23f2dfc-3602-40c7-9eae-494fcb0fa64f,15a7ac3d-7707-4383-9e98-cfc485d3f6d0,e038f900-a546-4c91-8ea6-5642210ab878
74600e41-d5ad-4e3a-8ef5-c86c100e3b89,85d49a46-ed2e-4688-8e75-46ee418ebd51,adacf211-eec0-45cd-89d1-df23e96391fa
13852e94-f7a4-403d-9eee-101188aac682,b0656f45-bbbf-4d02-89a5-14ad68ec596f,1ae61c4e-1f25-4b76-a94e-e98f20da50bb
faad1093-dc13-487c-8821-0793670ca0f3,f1d723cd-61fb-4f6f-bbec-8b7d10b8251b,11d1017a-7d22-42ba-846a-b0a1a7e3a6d5
5ddf43d5-4ff5-4955-af1b-0a4a8774104b,f24bbac4-2ff4-408f-935f-ca7df392b171,47356ddd-3547-4c6b-884b-9101f4f67cbe
a28b4fbb-09ba-4263-a481-3caf0a070a1b,b6a32eed-ff0c-4240-b93b-88b8fc837b74,aa40c570-f3d3-47a9-85e9-845a10e79013
47bdadb5-c240-486e-8e39-a40310586203,3854d088-5089-48d8-ae91-d6e9523c7eca,b62b714b-3c22-409a-942a-4b1251120206
b1a30d2a-06ae-41a2-ad3b-71530a19ad7a,d6781764-c46b-4a53-bf18-49386ac5ceeb,f183e43d-a34e-4113-bfe3-f6b2ff44ca34
1c225dcd-0c72-488e-875c-eec44ab2a63f,beef0ba2-b9e6-4350-82b8-a325d76b65da,188981b7-b3eb-4215-abfd-c5ac0839714c
90ea66c9-6020-4596-a289-fb6fbbba47e0,0fe167a0-5e2b-4190-bee5-7c6d930d4d70,df37aa77-4d8a-466a-93eb-3048a1fcc004
52376a13-ad18-42b2-9d66-d3f42e392611,beef0ba2-b9e6-4350-82b8-a325d76b65da,6805abe3-3121-414a-8c1f-7a604edd0cff
5459ae7e-2117-400d-9976-03ef8f44666a,60c38cb6-6011-4d2c-a424-3cc56433ff9e,7e8a0290-c654-4d2b-98bb-d62c6e0b6332
ca40b42b-01bc-4258-9f63-f94065f4680c,dfecfbb6-4609-4156-8e07-b83000a2791b,0f2e4e03-549d-4a92-b869-f612801b242e
a1d84d58-1b3e-4694-9b19-f377c77c86be,d95c4a36-d9c7-4487-9525-fd8764c6717b,29575ff3-a26d-49b1-bc8a-0066b1c6c4aa
bf78e1c9-c86f-426d-a412-772f2299bce3,cd7f76d8-05a2-4281-bd5a-17b328566a92,12226a44-cbd0-4b79-9402-f248fdabbb8e
e7617131-dac2-4db7-872d-145afcbc762d,c4eafb91-15e3-4866-b80e-f02738ff2b65,cb6e2a76-16f0-453f-975f-e4bf4518d09e
01d77d9d-2f9a-4474-99be-1b44a7912ff8,80c656ce-a2f2-4208-8b08-f1e0e83466ee,7bb31e76-8ff9-47e1-a5f8-0fd88a2eaf20
ff96e1d2-4bd6-47f4-8a41-8c553766ce5e,000cbc7a-0e92-4167-abb9-549bcea0990a,04df3a14-3543-412a-84ee-0db6070a3881
09fa0164-56fb-4b7d-85f7-243a287a0e9c,76429a7b-52cf-439f-ad47-10d92c7c0353,7e8a0290-c654-4d2b-98bb-d62c6e0b6332
34c51c63-c8e2-4e25-8d30-4f199fcf32b7,dfecfbb6-4609-4156-8e07-b83000a2791b,f1dff8d4-bc79-40e8-805d-2f5ac0f1574d
4769bcae-5a47-4f55-acef-b2ebdea37de7,b4683bda-2ca6-42a2-940d-2d285a5c2605,166e7fe3-2895-4f1b-bfaa-931f9656cd19
8535e8ef-b692-404b-b88c-1b87f1493b8a,cd7f76d8-05a2-4281-bd5a-17b328566a92,f1dff8d4-bc79-40e8-805d-2f5ac0f1574d
2e926fbf-0739-43a2-97cb-fbf3927dbbf6,08b59ff7-94a3-4621-8c97-37995caa44c3,89270d42-763b-44ac-9773-63f4531e4f3a
d2fea893-b5d7-4009-850d-794a6afa33e9,b6a32eed-ff0c-4240-b93b-88b8fc837b74,a3099059-4d87-4a14-9fd0-73c9ee98af52
16d31285-b634-4369-bbc6-060146f51bae,b2797a41-3c15-41dd-ba1b-b4de16f763ee,01265ad4-ceb6-44af-8a63-cea31691dd82
b8dd2c72-0daa-428c-b590-ae7fae325c0e,32349d69-3be5-489b-9071-21d2f7eca366,6893a39f-8fbb-48a1-954d-4af049467067
6d90f262-fdf1-4197-b062-6e9a00a39a73,7f5adda0-e390-43d6-8a98-a88e2dca5aa1,bff1099c-e5a3-48b1-8f2d-f57129c71d98
1a675354-9c3c-480e-85b7-f4127fec9f0c,360eff54-7d58-4d90-ba6b-c3b821fed7da,c8a09a99-f191-4738-9f77-40b5dffd581c
f28c4768-0a7c-48da-b0c2-a2a9ca989b47,b49549c4-dcb8-43af-bb20-a325dd5c2dc1,fa1cefa9-d0e4-4e81-ad7e-1676f98adf92
3d774cc9-37b9-434b-b96f-e0f744f46968,e501fda2-037e-4adc-b1cb-4e4a68f55bc0,5695f8b7-1c77-40ab-8115-85959f79c8e0
043b17c7-f612-41d6-94c3-124568a3e8b2,b24ff009-5982-4049-8042-38056b896872,cf207823-3c70-45fc-bf53-9682c4d63d02
25996798-92f9-4905-9e2b-0881dba91ace,b24ff009-5982-4049-8042-38056b896872,62c7b8d8-b01a-44c3-8874-df6f157bb366
19cdcdc3-8b9a-4824-b21b-450e402a6450,dfb5a25d-84c3-42cf-a830-4d38e5a20d47,4630d6ca-06cd-47df-b510-f13ed63b0bb3
581ca5bf-cabd-4233-b38d-826492c86117,985030e7-b7a0-4537-9ce5-dab4f7ae67cd,703f3cac-47a5-47a7-b059-060f5d3db425
9bf65d76-cce1-4743-81b2-581c5d343112,27d285e0-9c5f-48d2-baef-d502fc7e5720,62cd2df1-700b-4b64-97cf-36190fc85e5e
a295354b-2e6b-4b98-85b5-3f2fd5d767e2,20f68a07-a4a5-44be-9197-e04cbb66d848,aa40c570-f3d3-47a9-85e9-845a10e79013
fd675f3b-a960-4f1b-81f6-37830c7c2160,f24bbac4-2ff4-408f-935f-ca7df392b171,703f3cac-47a5-47a7-b059-060f5d3db425
d51811f7-9e2e-42ee-bb43-64b121e3e686,8efb1461-0dec-4141-ad21-4d50683272be,c746aa48-e509-4437-aaa5-fecf602baf79
aa8ea12b-b9d6-4832-81b5-402119da9a7f,c2b90327-2504-4bb6-aa48-c2a94d99c56d,2d6a7bd6-386e-4442-a157-a6c56d1bdf93
27c93905-3244-4a5a-bca5-b75976e35b22,16eb3130-576e-48e3-9172-e01ae04f7dd8,d35f580c-875a-49c9-bf48-9b161d1a638a
44268700-2fe2-472a-836a-0f5fcf871e3a,25fefbb0-94c1-4459-a59f-0e81474bb973,2d6a7bd6-386e-4442-a157-a6c56d1bdf93
05749e9b-bf3e-42b3-a07e-5282137c546e,000cbc7a-0e92-4167-abb9-549bcea0990a,52374194-0c87-4144-ac42-cffa52e0f509
055861af-71d9-4910-b001-de969a793e94,adf67fce-8cf6-4e99-a8dd-2da1bc9ff171,ffb2125f-9229-4c34-b1b1-b8d2423d962f
5fcea11e-4b37-40d1-be7c-fa94f08bf15a,b5a826a6-213d-413c-afbb-6fb0874c176c,df37aa77-4d8a-466a-93eb-3048a1fcc004
fbc11085-cd12-4a86-bc61-209f9118d56d,360eff54-7d58-4d90-ba6b-c3b821fed7da,a3099059-4d87-4a14-9fd0-73c9ee98af52
bf5b63d6-63ae-4cfd-846b-abafb208172a,b2797a41-3c15-41dd-ba1b-b4de16f763ee,ab413c12-03c1-49e9-b57c-b6032d31e725
74100729-768e-4cc0-9a71-14495d64e476,5f4df58b-6cd3-404e-bfb4-87085519478a,47356ddd-3547-4c6b-884b-9101f4f67cbe
a0a8b9ed-9677-40e8-afbe-439f14aeddea,c7bfd11d-2a49-4eb4-aafc-f4a466b1ab63,4630d6ca-06cd-47df-b510-f13ed63b0bb3
879335e8-cd10-4b19-986f-de399eb45cf8,14536e1b-4738-42a6-b151-ff7ff031ada9,4f78a9cb-934a-416f-a56e-d534c74b7246
df0fcd39-d453-4068-af30-ed1ccc925d23,b24ff009-5982-4049-8042-38056b896872,0999a073-52e4-42cf-b4de-be546c448df8
96ddefbd-755c-41d6-807d-f63c3d7734d6,5d5cf70a-1550-4eb1-b1f8-911c9ce0da0d,62cd2df1-700b-4b64-97cf-36190fc85e5e
be0e30c5-78c0-4e5e-852e-4d1a4e244793,7f5adda0-e390-43d6-8a98-a88e2dca5aa1,bff1099c-e5a3-48b1-8f2d-f57129c71d98
e7fccf02-737a-4c3d-bc0f-b3ff3533c844,55834965-5919-4601-af32-4ccdd60831e0,1ae812b6-b33d-48ed-99dc-773a5c85f750
03037892-a615-4877-98d3-a9bc02b4d12c,60c38cb6-6011-4d2c-a424-3cc56433ff9e,51b240ba-8f57-4da5-8140-04dd76224fb4
dc1c5d6f-8bb5-4da8-9409-8575c707385f,1b2587df-a55b-4484-973b-24fb1c3f1430,6893a39f-8fbb-48a1-954d-4af049467067
0f632784-8a6f-4767-a2f1-eb3ed5680bbd,27d285e0-9c5f-48d2-baef-d502fc7e5720,b62b714b-3c22-409a-942a-4b1251120206
47727134-db88-4c3c-bf99-897d7e764ab2,d228c396-b883-41e3-a5af-937535c219f8,5ad17b62-6dab-4be8-a541-299b40a89e5f
425bb3e1-8f45-4345-9f3f-436f4b806d8c,136d5d24-6d63-4803-99e2-928197c7e960,f75b473c-4f66-4fc9-bf73-08855482f691
7b8919e4-6dd2-4b53-a23f-f47620cd163f,d95c4a36-d9c7-4487-9525-fd8764c6717b,a4621710-b3a8-478a-8e03-695d4926c5bf
b5b1ccd7-30f5-4fde-ac4b-639a1d069fe4,462eb0b2-610f-471e-89e8-772efac4eb7d,8e58eadd-a00d-46fe-93c7-4a3f070375d9
